"2.1.3 Positive Cases Chg Line","2020-03-19","2020-06-02","","331","331","331","2020-03-19","2020-06-02","","331","331","331","","","","","",""
"2.1.3 Positive Cases Chg Line","2020-03-20","2020-06-03","","218","218","218","2020-03-20","2020-06-03","","218","218","218","","","","","",""
"2.1.3 Positive Cases Chg Line","2020-03-21","2020-06-04","","244","244","244","2020-03-21","2020-06-04","","244","244","244","","","","","",""
"2.1.3 Positive Cases Chg Line","2020-03-22","2020-06-05","","265","265","265","2020-03-22","2020-06-05","","265","265","265","","","","","",""
"2.1.3 Positive Cases Chg Line","2020-03-23","2020-06-06","","222","222","222","2020-03-23","2020-06-06","","222","222","222","","","","","",""
"2.1.3 Positive Cases Chg Line","2020-03-24","2020-06-07","","580","580","580","2020-03-24","2020-06-07","","580","580","580","","","","","",""
"2.1.3 Positive Cases Chg Line","2020-03-25","2020-06-08","","471","471","471","2020-03-25","2020-06-08","","471","471","471","","","","","",""
"2.1.3 Positive Cases Chg Line","2020-03-26","2020-06-09","","795","795","795","2020-03-26","2020-06-09","","795","795","795","","","","","",""
"2.1.3 Positive Cases Chg Line","2020-03-27","2020-06-10","","842","842","842","2020-03-27","2020-06-10","","842","842","842","","","","","",""
"2.1.3 Positive Cases Chg Line","2020-03-28","2020-06-11","","640","640","640","2020-03-28","2020-06-11","","640","640","640","","","","","",""
"2.1.3 Positive Cases Chg Line","2020-03-29","2020-06-12","","480","480","480","2020-03-29","2020-06-12","","480","480","480","","","","","",""
"2.1.3 Positive Cases Chg Line","2020-03-30","2020-06-13","","1169","1169","1169","2020-03-30","2020-06-13","","1169","1169","1169","","","","","",""
"2.1.3 Positive Cases Chg Line","2020-03-31","2020-06-14","","1223","1223","1223","2020-03-31","2020-06-14","","1223","1223","1223","","","","","",""
"2.1.3 Positive Cases Chg Line","2020-04-01","2020-06-15","","1036","1036","1036","2020-04-01","2020-06-15","","1036","1036","1036","","","","","",""
"2.1.3 Positive Cases Chg Line","2020-04-02","2020-06-16","","1510","1510","1510","2020-04-02","2020-06-16","","1510","1510","1510","","","","","",""
"2.1.3 Positive Cases Chg Line","2020-04-03","2020-06-17","","1325","1325","1325","2020-04-03","2020-06-17","","1325","1325","1325","","","","","",""
"2.1.3 Positive Cases Chg Line","2020-04-04","2020-06-18","","1412","1412","1412","2020-04-04","2020-06-18","","1412","1412","1412","","","","","",""
"2.1.3 Positive Cases Chg Line","2020-04-05","2020-06-19","","898","898","898","2020-04-05","2020-06-19","","898","898","898","","","","","",""
"2.1.3 Positive Cases Chg Line","2020-04-06","2020-06-20","","1529","1529","1529","2020-04-06","2020-06-20","","1529","1529","1529","","","","","",""
"2.1.3 Positive Cases Chg Line","2020-04-07","2020-06-21","","1092","1092","1092","2020-04-07","2020-06-21","","1092","1092","1092","","","","","",""
"2.1.3 Positive Cases Chg Line","2020-04-08","2020-06-22","","1352","1352","1352","2020-04-08","2020-06-22","","1352","1352","1352","","","","","",""
"2.1.3 Positive Cases Chg Line","2020-04-09","2020-06-23","","1163","1163","1163","2020-04-09","2020-06-23","","1163","1163","1163","","","","","",""
"2.1.3 Positive Cases Chg Line","2020-04-10","2020-06-24","","1143","1143","1143","2020-04-10","2020-06-24","","1143","1143","1143","","","","","",""
"2.1.3 Positive Cases Chg Line","2020-04-11","2020-06-25","","1179","1179","1179","2020-04-11","2020-06-25","","1179","1179","1179","","","","","",""
"2.1.3 Positive Cases Chg Line","2020-04-12","2020-06-26","","554","554","554","2020-04-12","2020-06-26","","554","554","554","","","","","",""
"2.1.3 Positive Cases Chg Line","2020-04-13","2020-06-27","","990","990","990","2020-04-13","2020-06-27","","990","990","990","","","","","",""
"2.1.3 Positive Cases Chg Line","2020-04-14","2020-06-28","","1086","1086","1086","2020-04-14","2020-06-28","","1086","1086","1086","","","","","",""
"2.1.3 Positive Cases Chg Line","2020-04-15","2020-06-29","","1758","1758","1758","2020-04-15","2020-06-29","","1758","1758","1758","","","","","",""
"2.1.3 Positive Cases Chg Line","2020-04-16","2020-06-30","","1346","1346","1346","2020-04-16","2020-06-30","","1346","1346","1346","","","","","",""
"2.1.3 Positive Cases Chg Line","2020-04-17","2020-07-01","","1435","1435","1435","2020-04-17","2020-07-01","","1435","1435","1435","","","","","",""
"2.1.3 Positive Cases Chg Line","2020-04-18","2020-07-02","","1370","1370","1370","2020-04-18","2020-07-02","","1370","1370","1370","","","","","",""
"2.1.3 Positive Cases Chg Line","2020-04-19","2020-07-03","","645","645","645","2020-04-19","2020-07-03","","645","645","645","","","","","",""
"2.1.3 Positive Cases Chg Line","2020-04-20","2020-07-04","","2283","2283","2283","2020-04-20","2020-07-04","","2283","2283","2283","","","","","",""
"2.1.3 Positive Cases Chg Line","2020-04-21","2020-07-05","","2135","2135","2135","2020-04-21","2020-07-05","","2135","2135","2135","","","","","",""
"2.1.3 Positive Cases Chg Line","2020-04-22","2020-07-06","","1973","1973","1973","2020-04-22","2020-07-06","","1973","1973","1973","","","","","",""
"2.1.3 Positive Cases Chg Line","2020-04-23","2020-07-07","","1885","1885","1885","2020-04-23","2020-07-07","","1885","1885","1885","","","","","",""
"2.1.3 Positive Cases Chg Line","2020-04-24","2020-07-08","","1883","1883","1883","2020-04-24","2020-07-08","","1883","1883","1883","","","","","",""
"2.1.3 Positive Cases Chg Line","2020-04-25","2020-07-09","","1027","1027","1027","2020-04-25","2020-07-09","","1027","1027","1027","","","","","",""
"2.1.3 Positive Cases Chg Line","2020-04-26","2020-07-10","","1300","1300","1300","2020-04-26","2020-07-10","","1300","1300","1300","","","","","",""
"2.1.3 Positive Cases Chg Line","2020-04-27","2020-07-11","","1567","1567","1567","2020-04-27","2020-07-11","","1567","1567","1567","","","","","",""
"2.1.3 Positive Cases Chg Line","2020-04-28","2020-07-12","","1469","1469","1469","2020-04-28","2020-07-12","","1469","1469","1469","","","","","",""
"2.1.3 Positive Cases Chg Line","2020-04-29","2020-07-13","","2417","2417","2417","2020-04-29","2020-07-13","","2417","2417","2417","","","","","",""
"2.1.3 Positive Cases Chg Line","2020-04-30","2020-07-14","","1525","1525","1525","2020-04-30","2020-07-14","","1525","1525","1525","","","","","",""
"2.1.3 Positive Cases Chg Line","2020-05-01","2020-07-15","","1755","1755","1755","2020-05-01","2020-07-15","","1755","1755","1755","","","","","",""
"2.1.3 Positive Cases Chg Line","2020-05-02","2020-07-16","","1419","1419","1419","2020-05-02","2020-07-16","","1419","1419","1419","","","","","",""
"2.1.3 Positive Cases Chg Line","2020-05-03","2020-07-17","","1321","1321","1321","2020-05-03","2020-07-17","","1321","1321","1321","","","","","",""
"2.1.3 Positive Cases Chg Line","2020-05-04","2020-07-18","","1275","1275","1275","2020-05-04","2020-07-18","","1275","1275","1275","","","","","",""
"2.1.3 Positive Cases Chg Line","2020-05-05","2020-07-19","","2603","2603","2603","2020-05-05","2020-07-19","","2603","2603","2603","","","","","",""
"2.1.3 Positive Cases Chg Line","2020-05-06","2020-07-20","","1799","1799","1799","2020-05-06","2020-07-20","","1799","1799","1799","","","","","",""
"2.1.3 Positive Cases Chg Line","2020-05-07","2020-07-21","","1898","1898","1898","2020-05-07","2020-07-21","","1898","1898","1898","","","","","",""
"2.1.3 Positive Cases Chg Line","2020-05-08","2020-07-22","","2049","2049","2049","2020-05-08","2020-07-22","","2049","2049","2049","","","","","",""
"2.1.3 Positive Cases Chg Line","2020-05-09","2020-07-23","","2119","2119","2119","2020-05-09","2020-07-23","","2119","2119","2119","","","","","",""
"2.1.3 Positive Cases Chg Line","2020-05-10","2020-07-24","","1259","1259","1259","2020-05-10","2020-07-24","","1259","1259","1259","","","","","",""
"2.1.3 Positive Cases Chg Line","2020-05-11","2020-07-25","","1443","1443","1443","2020-05-11","2020-07-25","","1443","1443","1443","","","","","",""
"2.1.3 Positive Cases Chg Line","2020-05-12","2020-07-26","","1759","1759","1759","2020-05-12","2020-07-26","","1759","1759","1759","","","","","",""
"2.1.3 Positive Cases Chg Line","2020-05-13","2020-07-27","","2023","2023","2023","2020-05-13","2020-07-27","","2023","2023","2023","","","","","",""
"2.1.3 Positive Cases Chg Line","2020-05-14","2020-07-28","","1772","1772","1772","2020-05-14","2020-07-28","","1772","1772","1772","","","","","",""
"2.1.3 Positive Cases Chg Line","2020-05-15","2020-07-29","","1857","1857","1857","2020-05-15","2020-07-29","","1857","1857","1857","","","","","",""
"2.1.3 Positive Cases Chg Line","2020-05-16","2020-07-30","","2046","2046","2046","2020-05-16","2020-07-30","","2046","2046","2046","","","","","",""
"2.1.3 Positive Cases Chg Line","2020-05-17","2020-07-31","","1591","1591","1591","2020-05-17","2020-07-31","","1591","1591","1591","","","","","",""
"2.1.3 Positive Cases Chg Line","2020-05-18","2020-08-01","","1365","1365","1365","2020-05-18","2020-08-01","","1365","1365","1365","","","","","",""
"2.1.3 Positive Cases Chg Line","2020-05-19","2020-08-02","","2262","2262","2262","2020-05-19","2020-08-02","","2262","2262","2262","","","","","",""
"2.1.3 Positive Cases Chg Line","2020-05-20","2020-08-03","","2140","2140","2140","2020-05-20","2020-08-03","","2140","2140","2140","","","","","",""
"2.1.3 Positive Cases Chg Line","2020-05-21","2020-08-04","","2247","2247","2247","2020-05-21","2020-08-04","","2247","2247","2247","","","","","",""
"2.1.3 Positive Cases Chg Line","2020-05-22","2020-08-05","","2187","2187","2187","2020-05-22","2020-08-05","","2187","2187","2187","","","","","",""
"2.1.3 Positive Cases Chg Line","2020-05-23","2020-08-06","","2079","2079","2079","2020-05-23","2020-08-06","","2079","2079","2079","","","","","",""
"2.1.3 Positive Cases Chg Line","2020-05-24","2020-08-07","","1848","1848","1848","2020-05-24","2020-08-07","","1848","1848","1848","","","","","",""
"2.1.3 Positive Cases Chg Line","2020-05-25","2020-08-08","","2175","2175","2175","2020-05-25","2020-08-08","","2175","2175","2175","","","","","",""
"2.1.3 Positive Cases Chg Line","2020-05-26","2020-08-09","","2247","2247","2247","2020-05-26","2020-08-09","","2247","2247","2247","","","","","",""
"2.1.3 Positive Cases Chg Line","2020-05-27","2020-08-10","","2717","2717","2717","2020-05-27","2020-08-10","","2717","2717","2717","","","","","",""
"2.1.3 Positive Cases Chg Line","2020-05-28","2020-08-11","","2189","2189","2189","2020-05-28","2020-08-11","","2189","2189","2189","","","","","",""
"2.1.3 Positive Cases Chg Line","2020-05-29","2020-08-12","","2992","2992","2992","2020-05-29","2020-08-12","","2992","2992","2992","","","","","",""
"2.1.3 Positive Cases Chg Line","2020-05-30","2020-08-13","","3705","3705","3705","2020-05-30","2020-08-13","","3705","3705","3705","","","","","",""
"2.1.3 Positive Cases Chg Line","2020-05-31","2020-08-14","","2423","2423","2423","2020-05-31","2020-08-14","","2423","2423","2423","","","","","",""
"2.1.3 Positive Cases Chg Line","2020-06-01","2020-08-15","","2304","2304","2304","2020-06-01","2020-08-15","","2304","2304","2304","","","","","",""
"2.1.3 Positive Cases Chg Line","2020-06-02","2020-08-16","","2377","2377","2377","2020-06-02","2020-08-16","","2377","2377","2377","","","","","",""
"2.1.3 Positive Cases Chg Line","2020-06-03","2020-08-17","","2120","2120","2120","2020-06-03","2020-08-17","","2120","2120","2120","","","","","",""
"2.1.3 Positive Cases Chg Line","2020-06-04","2020-08-18","","3094","3094","3094","2020-06-04","2020-08-18","","3094","3094","3094","","","","","",""
"2.1.3 Positive Cases Chg Line","2020-06-05","2020-08-19","","3115","3115","3115","2020-06-05","2020-08-19","","3115","3115","3115","","","","","",""
"2.1.3 Positive Cases Chg Line","2020-06-06","2020-08-20","","2796","2796","2796","2020-06-06","2020-08-20","","2796","2796","2796","","","","","",""
"2.1.3 Positive Cases Chg Line","2020-06-07","2020-08-21","","2507","2507","2507","2020-06-07","2020-08-21","","2507","2507","2507","","","","","",""
"2.1.3 Positive Cases Chg Line","2020-06-08","2020-08-22","","2170","2170","2170","2020-06-08","2020-08-22","","2170","2170","2170","","","","","",""
"2.1.3 Positive Cases Chg Line","2020-06-09","2020-08-23","","2702","2702","2702","2020-06-09","2020-08-23","","2702","2702","2702","","","","","",""
"2.1.3 Positive Cases Chg Line","2020-06-10","2020-08-24","","3090","3090","3090","2020-06-10","2020-08-24","","3090","3090","3090","","","","","",""
"2.1.3 Positive Cases Chg Line","2020-06-11","2020-08-25","","2702","2702","2702","2020-06-11","2020-08-25","","2702","2702","2702","","","","","",""
"2.1.3 Positive Cases Chg Line","2020-06-12","2020-08-26","","3660","3660","3660","2020-06-12","2020-08-26","","3660","3660","3660","","","","","",""
"2.1.3 Positive Cases Chg Line","2020-06-13","2020-08-27","","3212","3212","3212","2020-06-13","2020-08-27","","3212","3212","3212","","","","","",""
"2.1.3 Positive Cases Chg Line","2020-06-14","2020-08-28","","2597","2597","2597","2020-06-14","2020-08-28","","2597","2597","2597","","","","","",""
"2.1.3 Positive Cases Chg Line","2020-06-15","2020-08-29","","2108","2108","2108","2020-06-15","2020-08-29","","2108","2108","2108","","","","","",""
"2.1.3 Positive Cases Chg Line","2020-06-16","2020-08-30","","3455","3455","3455","2020-06-16","2020-08-30","","3455","3455","3455","","","","","",""
"2.1.3 Positive Cases Chg Line","2020-06-17","2020-09-01","","4084","4084","4084","2020-06-17","2020-09-01","","4084","4084","4084","","","","","",""
"2.1.3 Positive Cases Chg Line","2020-06-18","2020-09-07","","4317","4317","4317","2020-06-18","2020-09-07","","4317","4317","4317","","","","","",""
"2.1.3 Positive Cases Chg Line","2020-06-19","","","3893","3893","3893","2020-06-19","","","3893","3893","3893","","","","","",""
"2.1.3 Positive Cases Chg Line","2020-06-20","","","4515","4515","4515","2020-06-20","","","4515","4515","4515","","","","","",""
"2.1.3 Positive Cases Chg Line","2020-06-21","","","4230","4230","4230","2020-06-21","","","4230","4230","4230","","","","","",""
"2.1.3 Positive Cases Chg Line","2020-06-22","","","5019","5019","5019","2020-06-22","","","5019","5019","5019","","","","","",""
"2.1.3 Positive Cases Chg Line","2020-06-23","","","7149","7149","7149","2020-06-23","","","7149","7149","7149","","","","","",""
"2.1.3 Positive Cases Chg Line","2020-06-24","","","5349","5349","5349","2020-06-24","","","5349","5349","5349","","","","","",""
"2.1.3 Positive Cases Chg Line","2020-06-25","","","5269","5269","5269","2020-06-25","","","5269","5269","5269","","","","","",""
"2.1.3 Positive Cases Chg Line","2020-06-26","","","6209","6209","6209","2020-06-26","","","6209","6209","6209","","","","","",""
"2.1.3 Positive Cases Chg Line","2020-06-27","","","5120","5120","5120","2020-06-27","","","5120","5120","5120","","","","","",""
"2.1.3 Positive Cases Chg Line","2020-06-28","","","7083","7083","7083","2020-06-28","","","7083","7083","7083","","","","","",""
"2.1.3 Positive Cases Chg Line","2020-06-29","","","9480","9480","9480","2020-06-29","","","9480","9480","9480","","","","","",""
"2.1.3 Positive Cases Chg Line","2020-06-30","","","7407","7407","7407","2020-06-30","","","7407","7407","7407","","","","","",""
"2.1.3 Positive Cases Chg Line","2020-07-01","","","6408","6408","6408","2020-07-01","","","6408","6408","6408","","","","","",""
"2.1.3 Positive Cases Chg Line","2020-07-02","","","5688","5688","5688","2020-07-02","","","5688","5688","5688","","","","","",""
"2.1.3 Positive Cases Chg Line","2020-07-03","","","9153","9153","9153","2020-07-03","","","9153","9153","9153","","","","","",""
"2.1.3 Positive Cases Chg Line","2020-07-04","","","8597","8597","8597","2020-07-04","","","8597","8597","8597","","","","","",""
"2.1.3 Positive Cases Chg Line","2020-07-05","","","5699","5699","5699","2020-07-05","","","5699","5699","5699","","","","","",""
"2.1.3 Positive Cases Chg Line","2020-07-06","","","6090","6090","6090","2020-07-06","","","6090","6090","6090","","","","","",""
"2.1.3 Positive Cases Chg Line","2020-07-07","","","11694","11694","11694","2020-07-07","","","11694","11694","11694","","","","","",""
"2.1.3 Positive Cases Chg Line","2020-07-08","","","7031","7031","7031","2020-07-08","","","7031","7031","7031","","","","","",""
"2.1.3 Positive Cases Chg Line","2020-07-09","","","7798","7798","7798","2020-07-09","","","7798","7798","7798","","","","","",""
"2.1.3 Positive Cases Chg Line","2020-07-10","","","8047","8047","8047","2020-07-10","","","8047","8047","8047","","","","","",""
"2.1.3 Positive Cases Chg Line","2020-07-11","","","8460","8460","8460","2020-07-11","","","8460","8460","8460","","","","","",""
"2.1.3 Positive Cases Chg Line","2020-07-12","","","8358","8358","8358","2020-07-12","","","8358","8358","8358","","","","","",""
"2.1.3 Positive Cases Chg Line","2020-07-13","","","7346","7346","7346","2020-07-13","","","7346","7346","7346","","","","","",""
"2.1.3 Positive Cases Chg Line","2020-07-14","","","11126","11126","11126","2020-07-14","","","11126","11126","11126","","","","","",""
"2.1.3 Positive Cases Chg Line","2020-07-15","","","8544","8544","8544","2020-07-15","","","8544","8544","8544","","","","","",""
"2.1.3 Positive Cases Chg Line","2020-07-16","","","9986","9986","9986","2020-07-16","","","9986","9986","9986","","","","","",""
"2.1.3 Positive Cases Chg Line","2020-07-17","","","9199","9199","9199","2020-07-17","","","9199","9199","9199","","","","","",""
"2.1.3 Positive Cases Chg Line","2020-07-18","","","9329","9329","9329","2020-07-18","","","9329","9329","9329","","","","","",""
"2.1.3 Positive Cases Chg Line","2020-07-19","","","6846","6846","6846","2020-07-19","","","6846","6846","6846","","","","","",""
"2.1.3 Positive Cases Chg Line","2020-07-20","","","9231","9231","9231","2020-07-20","","","9231","9231","9231","","","","","",""
"2.1.3 Positive Cases Chg Line","2020-07-21","","","12807","12807","12807","2020-07-21","","","12807","12807","12807","","","","","",""
"2.1.3 Positive Cases Chg Line","2020-07-22","","","12040","12040","12040","2020-07-22","","","12040","12040","12040","","","","","",""
"2.1.3 Positive Cases Chg Line","2020-07-23","","","9718","9718","9718","2020-07-23","","","9718","9718","9718","","","","","",""
"2.1.3 Positive Cases Chg Line","2020-07-24","","","10066","10066","10066","2020-07-24","","","10066","10066","10066","","","","","",""
"2.1.3 Positive Cases Chg Line","2020-07-25","","","8259","8259","8259","2020-07-25","","","8259","8259","8259","","","","","",""
"2.1.3 Positive Cases Chg Line","2020-07-26","","","6891","6891","6891","2020-07-26","","","6891","6891","6891","","","","","",""
"2.1.3 Positive Cases Chg Line","2020-07-27","","","6000","6000","6000","2020-07-27","","","6000","6000","6000","","","","","",""
"2.1.3 Positive Cases Chg Line","2020-07-28","","","8755","8755","8755","2020-07-28","","","8755","8755","8755","","","","","",""
"2.1.3 Positive Cases Chg Line","2020-07-29","","","10197","10197","10197","2020-07-29","","","10197","10197","10197","","","","","",""
"2.1.3 Positive Cases Chg Line","2020-07-30","","","8086","8086","8086","2020-07-30","","","8086","8086","8086","","","","","",""
"2.1.3 Positive Cases Chg Line","2020-07-31","","","6542","6542","6542","2020-07-31","","","6542","6542","6542","","","","","",""
"2.1.3 Positive Cases Chg Line","2020-08-01","","","9032","9032","9032","2020-08-01","","","9032","9032","9032","","","","","",""
"2.1.3 Positive Cases Chg Line","2020-08-02","","","5739","5739","5739","2020-08-02","","","5739","5739","5739","","","","","",""
"2.1.3 Positive Cases Chg Line","2020-08-03","","","4526","4526","4526","2020-08-03","","","4526","4526","4526","","","","","",""
"2.1.3 Positive Cases Chg Line","2020-08-04","","","5295","5295","5295","2020-08-04","","","5295","5295","5295","","","","","",""
"2.1.3 Positive Cases Chg Line","2020-08-05","","","5258","5258","5258","2020-08-05","","","5258","5258","5258","","","","","",""
"2.1.3 Positive Cases Chg Line","2020-08-06","","","8436","8436","8436","2020-08-06","","","8436","8436","8436","","","","","",""
"2.1.3 Positive Cases Chg Line","2020-08-07","","","7371","7371","7371","2020-08-07","","","7371","7371","7371","","","","","",""
"2.1.3 Positive Cases Chg Line","2020-08-08","","","8373","8373","8373","2020-08-08","","","8373","8373","8373","","","","","",""
"2.1.3 Positive Cases Chg Line","2020-08-09","","","7751","7751","7751","2020-08-09","","","7751","7751","7751","","","","","",""
"2.1.3 Positive Cases Chg Line","2020-08-10","","","12500","12500","12500","2020-08-10","","","12500","12500","12500","","","","","",""
"2.1.3 Positive Cases Chg Line","2020-08-11","","","11645","11645","11645","2020-08-11","","","11645","11645","11645","","","","","",""
"2.1.3 Positive Cases Chg Line","2020-08-12","","","7085","7085","7085","2020-08-12","","","7085","7085","7085","","","","","",""
"2.1.3 Positive Cases Chg Line","2020-08-13","","","7934","7934","7934","2020-08-13","","","7934","7934","7934","","","","","",""
"2.1.3 Positive Cases Chg Line","2020-08-14","","","12614","12614","12614","2020-08-14","","","12614","12614","12614","","","","","",""
"2.1.3 Positive Cases Chg Line","2020-08-15","","","7873","7873","7873","2020-08-15","","","7873","7873","7873","","","","","",""
"2.1.3 Positive Cases Chg Line","2020-08-16","","","6469","6469","6469","2020-08-16","","","6469","6469","6469","","","","","",""
"2.1.3 Positive Cases Chg Line","2020-08-17","","","4636","4636","4636","2020-08-17","","","4636","4636","4636","","","","","",""
"2.1.3 Positive Cases Chg Line","2020-08-18","","","6164","6164","6164","2020-08-18","","","6164","6164","6164","","","","","",""
"2.1.3 Positive Cases Chg Line","2020-08-19","","","5920","5920","5920","2020-08-19","","","5920","5920","5920","","","","","",""
"2.1.3 Positive Cases Chg Line","2020-08-20","","","5585","5585","5585","2020-08-20","","","5585","5585","5585","","","","","",""
"2.1.3 Positive Cases Chg Line","2020-08-21","","","6556","6556","6556","2020-08-21","","","6556","6556","6556","","","","","",""
"2.1.3 Positive Cases Chg Line","2020-08-22","","","6777","6777","6777","2020-08-22","","","6777","6777","6777","","","","","",""
"2.1.3 Positive Cases Chg Line","2020-08-23","","","4946","4946","4946","2020-08-23","","","4946","4946","4946","","","","","",""
"2.1.3 Positive Cases Chg Line","2020-08-24","","","4480","4480","4480","2020-08-24","","","4480","4480","4480","","","","","",""
"2.1.3 Positive Cases Chg Line","2020-08-25","","2020-05-23","6004","6004","6004","2020-08-25","","2020-05-23","6004","6004","6004","","","","","",""
"2.1.3 Positive Cases Chg Line","2020-08-26","","","4430","4430","4430","2020-08-26","","","4430","4430","4430","","","","","",""
"2.1.3 Positive Cases Chg Line","2020-08-27","","","5329","5329","5329","2020-08-27","","","5329","5329","5329","","","","","",""
"2.1.3 Positive Cases Chg Line","2020-08-28","","","4981","4981","4981","2020-08-28","","","4981","4981","4981","","","","","",""
"2.1.3 Positive Cases Chg Line","2020-08-29","","","6070","6070","6070","2020-08-29","","","6070","6070","6070","","","","","",""
"2.1.3 Positive Cases Chg Line","2020-08-30","","","4176","4176","4176","2020-08-30","","","4176","4176","4176","","","","","",""
"2.1.3 Positive Cases Chg Line","2020-08-31","","","3712","3712","3712","2020-08-31","","","3712","3712","3712","","","","","",""
"4.1.2 Test Reported Chg 14 day (2)","2020-09-01","true","1421657","708190","0.0528467837178729","0.0490009743148025","75130","34702","","","","","","","","","",""
"Week over Week Deaths","2020-08-31","2020-05-23","true","761","915","","","","","","","","","","","","",""
"Rolling Avg Cases 14 day","cases","2020-08-31","2020-05-23","5366.42857142857","true","","","","","","","","","","","","",""
"2.1.1 Positive Cases","cases","707797","","","","","","","","","","","","","","","",""
"4.1.1 Test Reported","11470696","","","","","","","","","","","","","","","","",""
"2.1.3 Death Chg Line","2020-03-19","2020-06-02","","3","3","3","2020-03-19","2020-06-02","","3","3","3","","","","","",""
"2.1.3 Death Chg Line","2020-03-20","2020-06-03","","4","4","4","2020-03-20","2020-06-03","","4","4","4","","","","","",""
"2.1.3 Death Chg Line","2020-03-21","2020-06-04","","4","4","4","2020-03-21","2020-06-04","","4","4","4","","","","","",""
"2.1.3 Death Chg Line","2020-03-22","2020-06-05","","9","9","9","2020-03-22","2020-06-05","","9","9","9","","","","","",""
"2.1.3 Death Chg Line","2020-03-23","2020-06-06","","2","2","2","2020-03-23","2020-06-06","","2","2","2","","","","","",""
"2.1.3 Death Chg Line","2020-03-24","2020-06-07","","15","15","15","2020-03-24","2020-06-07","","15","15","15","","","","","",""
"2.1.3 Death Chg Line","2020-03-25","2020-06-08","","12","12","12","2020-03-25","2020-06-08","","12","12","12","","","","","",""
"2.1.3 Death Chg Line","2020-03-26","2020-06-09","","13","13","13","2020-03-26","2020-06-09","","13","13","13","","","","","",""
"2.1.3 Death Chg Line","2020-03-27","2020-06-10","","24","24","24","2020-03-27","2020-06-10","","24","24","24","","","","","",""
"2.1.3 Death Chg Line","2020-03-28","2020-06-11","","17","17","17","2020-03-28","2020-06-11","","17","17","17","","","","","",""
"2.1.3 Death Chg Line","2020-03-29","2020-06-12","","17","17","17","2020-03-29","2020-06-12","","17","17","17","","","","","",""
"2.1.3 Death Chg Line","2020-03-30","2020-06-13","","15","15","15","2020-03-30","2020-06-13","","15","15","15","","","","","",""
"2.1.3 Death Chg Line","2020-03-31","2020-06-14","","21","21","21","2020-03-31","2020-06-14","","21","21","21","","","","","",""
"2.1.3 Death Chg Line","2020-04-01","2020-06-15","","32","32","32","2020-04-01","2020-06-15","","32","32","32","","","","","",""
"2.1.3 Death Chg Line","2020-04-02","2020-06-16","","34","34","34","2020-04-02","2020-06-16","","34","34","34","","","","","",""
"2.1.3 Death Chg Line","2020-04-03","2020-06-17","","39","39","39","2020-04-03","2020-06-17","","39","39","39","","","","","",""
"2.1.3 Death Chg Line","2020-04-04","2020-06-18","","43","43","43","2020-04-04","2020-06-18","","43","43","43","","","","","",""
"2.1.3 Death Chg Line","2020-04-05","2020-06-19","","24","24","24","2020-04-05","2020-06-19","","24","24","24","","","","","",""
"2.1.3 Death Chg Line","2020-04-06","2020-06-20","","31","31","31","2020-04-06","2020-06-20","","31","31","31","","","","","",""
"2.1.3 Death Chg Line","2020-04-07","2020-06-21","","68","68","68","2020-04-07","2020-06-21","","68","68","68","","","","","",""
"2.1.3 Death Chg Line","2020-04-08","2020-06-22","","50","50","50","2020-04-08","2020-06-22","","50","50","50","","","","","",""
"2.1.3 Death Chg Line","2020-04-09","2020-06-23","","49","49","49","2020-04-09","2020-06-23","","49","49","49","","","","","",""
"2.1.3 Death Chg Line","2020-04-10","2020-06-24","","68","68","68","2020-04-10","2020-06-24","","68","68","68","","","","","",""
"2.1.3 Death Chg Line","2020-04-11","2020-06-25","","42","42","42","2020-04-11","2020-06-25","","42","42","42","","","","","",""
"2.1.3 Death Chg Line","2020-04-12","2020-06-26","","36","36","36","2020-04-12","2020-06-26","","36","36","36","","","","","",""
"2.1.3 Death Chg Line","2020-04-13","2020-06-27","","71","71","71","2020-04-13","2020-06-27","","71","71","71","","","","","",""
"2.1.3 Death Chg Line","2020-04-14","2020-06-28","","63","63","63","2020-04-14","2020-06-28","","63","63","63","","","","","",""
"2.1.3 Death Chg Line","2020-04-15","2020-06-29","","69","69","69","2020-04-15","2020-06-29","","69","69","69","","","","","",""
"2.1.3 Death Chg Line","2020-04-16","2020-06-30","","95","95","95","2020-04-16","2020-06-30","","95","95","95","","","","","",""
"2.1.3 Death Chg Line","2020-04-17","2020-07-01","","87","87","87","2020-04-17","2020-07-01","","87","87","87","","","","","",""
"2.1.3 Death Chg Line","2020-04-18","2020-07-02","","94","94","94","2020-04-18","2020-07-02","","94","94","94","","","","","",""
"2.1.3 Death Chg Line","2020-04-19","2020-07-03","","42","42","42","2020-04-19","2020-07-03","","42","42","42","","","","","",""
"2.1.3 Death Chg Line","2020-04-20","2020-07-04","","60","60","60","2020-04-20","2020-07-04","","60","60","60","","","","","",""
"2.1.3 Death Chg Line","2020-04-21","2020-07-05","","86","86","86","2020-04-21","2020-07-05","","86","86","86","","","","","",""
"2.1.3 Death Chg Line","2020-04-22","2020-07-06","","115","115","115","2020-04-22","2020-07-06","","115","115","115","","","","","",""
"2.1.3 Death Chg Line","2020-04-23","2020-07-07","","93","93","93","2020-04-23","2020-07-07","","93","93","93","","","","","",""
"2.1.3 Death Chg Line","2020-04-24","2020-07-08","","89","89","89","2020-04-24","2020-07-08","","89","89","89","","","","","",""
"2.1.3 Death Chg Line","2020-04-25","2020-07-09","","59","59","59","2020-04-25","2020-07-09","","59","59","59","","","","","",""
"2.1.3 Death Chg Line","2020-04-26","2020-07-10","","45","45","45","2020-04-26","2020-07-10","","45","45","45","","","","","",""
"2.1.3 Death Chg Line","2020-04-27","2020-07-11","","54","54","54","2020-04-27","2020-07-11","","54","54","54","","","","","",""
"2.1.3 Death Chg Line","2020-04-28","2020-07-12","","78","78","78","2020-04-28","2020-07-12","","78","78","78","","","","","",""
"2.1.3 Death Chg Line","2020-04-29","2020-07-13","","95","95","95","2020-04-29","2020-07-13","","95","95","95","","","","","",""
"2.1.3 Death Chg Line","2020-04-30","2020-07-14","","91","91","91","2020-04-30","2020-07-14","","91","91","91","","","","","",""
"2.1.3 Death Chg Line","2020-05-01","2020-07-15","","98","98","98","2020-05-01","2020-07-15","","98","98","98","","","","","",""
"2.1.3 Death Chg Line","2020-05-02","2020-07-16","","44","44","44","2020-05-02","2020-07-16","","44","44","44","","","","","",""
"2.1.3 Death Chg Line","2020-05-03","2020-07-17","","39","39","39","2020-05-03","2020-07-17","","39","39","39","","","","","",""
"2.1.3 Death Chg Line","2020-05-04","2020-07-18","","63","63","63","2020-05-04","2020-07-18","","63","63","63","","","","","",""
"2.1.3 Death Chg Line","2020-05-05","2020-07-19","","95","95","95","2020-05-05","2020-07-19","","95","95","95","","","","","",""
"2.1.3 Death Chg Line","2020-05-06","2020-07-20","","92","92","92","2020-05-06","2020-07-20","","92","92","92","","","","","",""
"2.1.3 Death Chg Line","2020-05-07","2020-07-21","","81","81","81","2020-05-07","2020-07-21","","81","81","81","","","","","",""
"2.1.3 Death Chg Line","2020-05-08","2020-07-22","","93","93","93","2020-05-08","2020-07-22","","93","93","93","","","","","",""
"2.1.3 Death Chg Line","2020-05-09","2020-07-23","","67","67","67","2020-05-09","2020-07-23","","67","67","67","","","","","",""
"2.1.3 Death Chg Line","2020-05-10","2020-07-24","","25","25","25","2020-05-10","2020-07-24","","25","25","25","","","","","",""
"2.1.3 Death Chg Line","2020-05-11","2020-07-25","","77","77","77","2020-05-11","2020-07-25","","77","77","77","","","","","",""
"2.1.3 Death Chg Line","2020-05-12","2020-07-26","","87","87","87","2020-05-12","2020-07-26","","87","87","87","","","","","",""
"2.1.3 Death Chg Line","2020-05-13","2020-07-27","","98","98","98","2020-05-13","2020-07-27","","98","98","98","","","","","",""
"2.1.3 Death Chg Line","2020-05-14","2020-07-28","","76","76","76","2020-05-14","2020-07-28","","76","76","76","","","","","",""
"2.1.3 Death Chg Line","2020-05-15","2020-07-29","","96","96","96","2020-05-15","2020-07-29","","96","96","96","","","","","",""
"2.1.3 Death Chg Line","2020-05-16","2020-07-30","","57","57","57","2020-05-16","2020-07-30","","57","57","57","","","","","",""
"2.1.3 Death Chg Line","2020-05-17","2020-07-31","","41","41","41","2020-05-17","2020-07-31","","41","41","41","","","","","",""
"2.1.3 Death Chg Line","2020-05-18","2020-08-01","","32","32","32","2020-05-18","2020-08-01","","32","32","32","","","","","",""
"2.1.3 Death Chg Line","2020-05-19","2020-08-02","","102","102","102","2020-05-19","2020-08-02","","102","102","102","","","","","",""
"2.1.3 Death Chg Line","2020-05-20","2020-08-03","","106","106","106","2020-05-20","2020-08-03","","106","106","106","","","","","",""
"2.1.3 Death Chg Line","2020-05-21","2020-08-04","","88","88","88","2020-05-21","2020-08-04","","88","88","88","","","","","",""
"2.1.3 Death Chg Line","2020-05-22","2020-08-05","","78","78","78","2020-05-22","2020-08-05","","78","78","78","","","","","",""
"2.1.3 Death Chg Line","2020-05-23","2020-08-06","","66","66","66","2020-05-23","2020-08-06","","66","66","66","","","","","",""
"2.1.3 Death Chg Line","2020-05-24","2020-08-07","","21","21","21","2020-05-24","2020-08-07","","21","21","21","","","","","",""
"2.1.3 Death Chg Line","2020-05-25","2020-08-08","","19","19","19","2020-05-25","2020-08-08","","19","19","19","","","","","",""
"2.1.3 Death Chg Line","2020-05-26","2020-08-09","","70","70","70","2020-05-26","2020-08-09","","70","70","70","","","","","",""
"2.1.3 Death Chg Line","2020-05-27","2020-08-10","","89","89","89","2020-05-27","2020-08-10","","89","89","89","","","","","",""
"2.1.3 Death Chg Line","2020-05-28","2020-08-11","","95","95","95","2020-05-28","2020-08-11","","95","95","95","","","","","",""
"2.1.3 Death Chg Line","2020-05-29","2020-08-12","","88","88","88","2020-05-29","2020-08-12","","88","88","88","","","","","",""
"2.1.3 Death Chg Line","2020-05-30","2020-08-13","","57","57","57","2020-05-30","2020-08-13","","57","57","57","","","","","",""
"2.1.3 Death Chg Line","2020-05-31","2020-08-14","","38","38","38","2020-05-31","2020-08-14","","38","38","38","","","","","",""
"2.1.3 Death Chg Line","2020-06-01","2020-08-15","","35","35","35","2020-06-01","2020-08-15","","35","35","35","","","","","",""
"2.1.3 Death Chg Line","2020-06-02","2020-08-16","","75","75","75","2020-06-02","2020-08-16","","75","75","75","","","","","",""
"2.1.3 Death Chg Line","2020-06-03","2020-08-17","","61","61","61","2020-06-03","2020-08-17","","61","61","61","","","","","",""
"2.1.3 Death Chg Line","2020-06-04","2020-08-18","","63","63","63","2020-06-04","2020-08-18","","63","63","63","","","","","",""
"2.1.3 Death Chg Line","2020-06-05","2020-08-19","","74","74","74","2020-06-05","2020-08-19","","74","74","74","","","","","",""
"2.1.3 Death Chg Line","2020-06-06","2020-08-20","","67","67","67","2020-06-06","2020-08-20","","67","67","67","","","","","",""
"2.1.3 Death Chg Line","2020-06-07","2020-08-21","","27","27","27","2020-06-07","2020-08-21","","27","27","27","","","","","",""
"2.1.3 Death Chg Line","2020-06-08","2020-08-22","","44","44","44","2020-06-08","2020-08-22","","44","44","44","","","","","",""
"2.1.3 Death Chg Line","2020-06-09","2020-08-23","","79","79","79","2020-06-09","2020-08-23","","79","79","79","","","","","",""
"2.1.3 Death Chg Line","2020-06-10","2020-08-24","","105","105","105","2020-06-10","2020-08-24","","105","105","105","","","","","",""
"2.1.3 Death Chg Line","2020-06-11","2020-08-25","","62","62","62","2020-06-11","2020-08-25","","62","62","62","","","","","",""
"2.1.3 Death Chg Line","2020-06-12","2020-08-26","","46","46","46","2020-06-12","2020-08-26","","46","46","46","","","","","",""
"2.1.3 Death Chg Line","2020-06-13","2020-08-27","","74","74","74","2020-06-13","2020-08-27","","74","74","74","","","","","",""
"2.1.3 Death Chg Line","2020-06-14","2020-08-28","","26","26","26","2020-06-14","2020-08-28","","26","26","26","","","","","",""
"2.1.3 Death Chg Line","2020-06-15","2020-08-29","","32","32","32","2020-06-15","2020-08-29","","32","32","32","","","","","",""
"2.1.3 Death Chg Line","2020-06-16","2020-08-30","","87","87","87","2020-06-16","2020-08-30","","87","87","87","","","","","",""
"2.1.3 Death Chg Line","2020-06-17","2020-09-01","","82","82","82","2020-06-17","2020-09-01","","82","82","82","","","","","",""
"2.1.3 Death Chg Line","2020-06-18","2020-09-07","","70","70","70","2020-06-18","2020-09-07","","70","70","70","","","","","",""
"2.1.3 Death Chg Line","2020-06-19","","","64","64","64","2020-06-19","","","64","64","64","","","","","",""
"2.1.3 Death Chg Line","2020-06-20","","","71","71","71","2020-06-20","","","71","71","71","","","","","",""
"2.1.3 Death Chg Line","2020-06-21","","","20","20","20","2020-06-21","","","20","20","20","","","","","",""
"2.1.3 Death Chg Line","2020-06-22","","","65","65","65","2020-06-22","","","65","65","65","","","","","",""
"2.1.3 Death Chg Line","2020-06-23","","","52","52","52","2020-06-23","","","52","52","52","","","","","",""
"2.1.3 Death Chg Line","2020-06-24","","","101","101","101","2020-06-24","","","101","101","101","","","","","",""
"2.1.3 Death Chg Line","2020-06-25","","","79","79","79","2020-06-25","","","79","79","79","","","","","",""
"2.1.3 Death Chg Line","2020-06-26","","","60","60","60","2020-06-26","","","60","60","60","","","","","",""
"2.1.3 Death Chg Line","2020-06-27","","","33","33","33","2020-06-27","","","33","33","33","","","","","",""
"2.1.3 Death Chg Line","2020-06-28","","","31","31","31","2020-06-28","","","31","31","31","","","","","",""
"2.1.3 Death Chg Line","2020-06-29","","","44","44","44","2020-06-29","","","44","44","44","","","","","",""
"2.1.3 Death Chg Line","2020-06-30","","","110","110","110","2020-06-30","","","110","110","110","","","","","",""
"2.1.3 Death Chg Line","2020-07-01","","","73","73","73","2020-07-01","","","73","73","73","","","","","",""
"2.1.3 Death Chg Line","2020-07-02","","","100","100","100","2020-07-02","","","100","100","100","","","","","",""
"2.1.3 Death Chg Line","2020-07-03","","","50","50","50","2020-07-03","","","50","50","50","","","","","",""
"2.1.3 Death Chg Line","2020-07-04","","","18","18","18","2020-07-04","","","18","18","18","","","","","",""
"2.1.3 Death Chg Line","2020-07-05","","","6","6","6","2020-07-05","","","6","6","6","","","","","",""
"2.1.3 Death Chg Line","2020-07-06","","","111","111","111","2020-07-06","","","111","111","111","","","","","",""
"2.1.3 Death Chg Line","2020-07-07","","","114","114","114","2020-07-07","","","114","114","114","","","","","",""
"2.1.3 Death Chg Line","2020-07-08","","","149","149","149","2020-07-08","","","149","149","149","","","","","",""
"2.1.3 Death Chg Line","2020-07-09","","","140","140","140","2020-07-09","","","140","140","140","","","","","",""
"2.1.3 Death Chg Line","2020-07-10","","","94","94","94","2020-07-10","","","94","94","94","","","","","",""
"2.1.3 Death Chg Line","2020-07-11","","","72","72","72","2020-07-11","","","72","72","72","","","","","",""
"2.1.3 Death Chg Line","2020-07-12","","","23","23","23","2020-07-12","","","23","23","23","","","","","",""
"2.1.3 Death Chg Line","2020-07-13","","","47","47","47","2020-07-13","","","47","47","47","","","","","",""
"2.1.3 Death Chg Line","2020-07-14","","","140","140","140","2020-07-14","","","140","140","140","","","","","",""
"2.1.3 Death Chg Line","2020-07-15","","","118","118","118","2020-07-15","","","118","118","118","","","","","",""
"2.1.3 Death Chg Line","2020-07-16","","","130","130","130","2020-07-16","","","130","130","130","","","","","",""
"2.1.3 Death Chg Line","2020-07-17","","","120","120","120","2020-07-17","","","120","120","120","","","","","",""
"2.1.3 Death Chg Line","2020-07-18","","","90","90","90","2020-07-18","","","90","90","90","","","","","",""
"2.1.3 Death Chg Line","2020-07-19","","","9","9","9","2020-07-19","","","9","9","9","","","","","",""
"2.1.3 Death Chg Line","2020-07-20","","","61","61","61","2020-07-20","","","61","61","61","","","","","",""
"2.1.3 Death Chg Line","2020-07-21","","","115","115","115","2020-07-21","","","115","115","115","","","","","",""
"2.1.3 Death Chg Line","2020-07-22","","","157","157","157","2020-07-22","","","157","157","157","","","","","",""
"2.1.3 Death Chg Line","2020-07-23","","","159","159","159","2020-07-23","","","159","159","159","","","","","",""
"2.1.3 Death Chg Line","2020-07-24","","","151","151","151","2020-07-24","","","151","151","151","","","","","",""
"2.1.3 Death Chg Line","2020-07-25","","","79","79","79","2020-07-25","","","79","79","79","","","","","",""
"2.1.3 Death Chg Line","2020-07-26","","","29","29","29","2020-07-26","","","29","29","29","","","","","",""
"2.1.3 Death Chg Line","2020-07-27","","","73","73","73","2020-07-27","","","73","73","73","","","","","",""
"2.1.3 Death Chg Line","2020-07-28","","","197","197","197","2020-07-28","","","197","197","197","","","","","",""
"2.1.3 Death Chg Line","2020-07-29","","","194","194","194","2020-07-29","","","194","194","194","","","","","",""
"2.1.3 Death Chg Line","2020-07-30","","","96","96","96","2020-07-30","","","96","96","96","","","","","",""
"2.1.3 Death Chg Line","2020-07-31","","","219","219","219","2020-07-31","","","219","219","219","","","","","",""
"2.1.3 Death Chg Line","2020-08-01","","","132","132","132","2020-08-01","","","132","132","132","","","","","",""
"2.1.3 Death Chg Line","2020-08-02","","","32","32","32","2020-08-02","","","32","32","32","","","","","",""
"2.1.3 Death Chg Line","2020-08-03","","","113","113","113","2020-08-03","","","113","113","113","","","","","",""
"2.1.3 Death Chg Line","2020-08-04","","","202","202","202","2020-08-04","","","202","202","202","","","","","",""
"2.1.3 Death Chg Line","2020-08-05","","","166","166","166","2020-08-05","","","166","166","166","","","","","",""
"2.1.3 Death Chg Line","2020-08-06","","","142","142","142","2020-08-06","","","142","142","142","","","","","",""
"2.1.3 Death Chg Line","2020-08-07","","","178","178","178","2020-08-07","","","178","178","178","","","","","",""
"2.1.3 Death Chg Line","2020-08-08","","","104","104","104","2020-08-08","","","104","104","104","","","","","",""
"2.1.3 Death Chg Line","2020-08-09","","","66","66","66","2020-08-09","","","66","66","66","","","","","",""
"2.1.3 Death Chg Line","2020-08-10","","","109","109","109","2020-08-10","","","109","109","109","","","","","",""
"2.1.3 Death Chg Line","2020-08-11","","","180","180","180","2020-08-11","","","180","180","180","","","","","",""
"2.1.3 Death Chg Line","2020-08-12","","","160","160","160","2020-08-12","","","160","160","160","","","","","",""
"2.1.3 Death Chg Line","2020-08-13","","","188","188","188","2020-08-13","","","188","188","188","","","","","",""
"2.1.3 Death Chg Line","2020-08-14","","","151","151","151","2020-08-14","","","151","151","151","","","","","",""
"2.1.3 Death Chg Line","2020-08-15","","","77","77","77","2020-08-15","","","77","77","77","","","","","",""
"2.1.3 Death Chg Line","2020-08-16","","","18","18","18","2020-08-16","","","18","18","18","","","","","",""
"2.1.3 Death Chg Line","2020-08-17","","","100","100","100","2020-08-17","","","100","100","100","","","","","",""
"2.1.3 Death Chg Line","2020-08-18","","","181","181","181","2020-08-18","","","181","181","181","","","","","",""
"2.1.3 Death Chg Line","2020-08-19","","","163","163","163","2020-08-19","","","163","163","163","","","","","",""
"2.1.3 Death Chg Line","2020-08-20","","","135","135","135","2020-08-20","","","135","135","135","","","","","",""
"2.1.3 Death Chg Line","2020-08-21","","","167","167","167","2020-08-21","","","167","167","167","","","","","",""
"2.1.3 Death Chg Line","2020-08-22","","","146","146","146","2020-08-22","","","146","146","146","","","","","",""
"2.1.3 Death Chg Line","2020-08-23","","","18","18","18","2020-08-23","","","18","18","18","","","","","",""
"2.1.3 Death Chg Line","2020-08-24","","","105","105","105","2020-08-24","","","105","105","105","","","","","",""
"2.1.3 Death Chg Line","2020-08-25","","2020-05-23","150","150","150","2020-08-25","","2020-05-23","150","150","150","","","","","",""
"2.1.3 Death Chg Line","2020-08-26","","","143","143","143","2020-08-26","","","143","143","143","","","","","",""
"2.1.3 Death Chg Line","2020-08-27","","","140","140","140","2020-08-27","","","140","140","140","","","","","",""
"2.1.3 Death Chg Line","2020-08-28","","","144","144","144","2020-08-28","","","144","144","144","","","","","",""
"2.1.3 Death Chg Line","2020-08-29","","","71","71","71","2020-08-29","","","71","71","71","","","","","",""
"2.1.3 Death Chg Line","2020-08-30","","","28","28","28","2020-08-30","","","28","28","28","","","","","",""
"2.1.3 Death Chg Line","2020-08-31","","","85","85","85","2020-08-31","","","85","85","85","","","","","",""
"County Name (2)","CALIFORNIA","","","","","","","","","","","","","","","","",""
"8.1.2 Demo by Cases","0-17","0-17","10.1","10.1","10.1","10.1","71776","CASE_PERCENT","0-17","0-17","10.1","10.1","22.5","","","","",""
"8.1.2 Demo by Cases","18-49","18-49","60","60","60","60","424850","CASE_PERCENT","18-49","18-49","60","60","43.5","","","","",""
"8.1.2 Demo by Cases","50-64","50-64","19","19","19","19","134175","CASE_PERCENT","50-64","50-64","19","19","18.4","","","","",""
"8.1.2 Demo by Cases","65+","65+","10.8","10.8","10.8","10.8","76098","CASE_PERCENT","65+","65+","10.8","10.8","15.6","","","","",""
"8.1.2 Demo by Cases","Missing","Missing","0.1","0.1","0.1","0.1","898","CASE_PERCENT","Missing","Missing","0.1","0.1","","","","","",""
"4.1.3 Cumulative Total Tests Conducted","Tests reported to Public Health","11487","11487","2020-03-19 00:00:00","2020-06-06 00:00:00","","","","","","","","","","","","",""
"4.1.3 Cumulative Total Tests Conducted","Tests reported to Public Health","12528","12528","2020-03-20 00:00:00","2020-06-07 00:00:00","","","","","","","","","","","","",""
"4.1.3 Cumulative Total Tests Conducted","Tests reported to Public Health","13467","13467","2020-03-21 00:00:00","2020-06-08 00:00:00","","","","","","","","","","","","",""
"4.1.3 Cumulative Total Tests Conducted","Tests reported to Public Health","14317","14317","2020-03-22 00:00:00","2020-06-09 00:00:00","","","","","","","","","","","","",""
"4.1.3 Cumulative Total Tests Conducted","Tests reported to Public Health","15554","15554","2020-03-23 00:00:00","2020-06-10 00:00:00","","","","","","","","","","","","",""
"4.1.3 Cumulative Total Tests Conducted","Tests reported to Public Health","18276","18276","2020-03-24 00:00:00","2020-06-11 00:00:00","","","","","","","","","","","","",""
"4.1.3 Cumulative Total Tests Conducted","Tests reported to Public Health","26416","26416","2020-03-28 00:00:00","2020-06-15 00:00:00","","","","","","","","","","","","",""
"4.1.3 Cumulative Total Tests Conducted","Tests reported to Public Health","27251","27251","2020-03-29 00:00:00","2020-06-16 00:00:00","","","","","","","","","","","","",""
"4.1.3 Cumulative Total Tests Conducted","Tests reported to Public Health","28704","28704","2020-03-30 00:00:00","2020-06-17 00:00:00","","","","","","","","","","","","",""
"4.1.3 Cumulative Total Tests Conducted","Tests reported to Public Health","31038","31038","2020-03-31 00:00:00","2020-06-18 00:00:00","","","","","","","","","","","","",""
"4.1.3 Cumulative Total Tests Conducted","Tests reported to Public Health","32944","32944","2020-04-01 00:00:00","2020-06-19 00:00:00","","","","","","","","","","","","",""
"4.1.3 Cumulative Total Tests Conducted","Tests reported to Public Health","35267","35267","2020-04-02 00:00:00","2020-06-20 00:00:00","","","","","","","","","","","","",""
"4.1.3 Cumulative Total Tests Conducted","Tests reported to Public Health","113687","113687","2020-04-03 00:00:00","2020-06-21 00:00:00","","","","","","","","","","","","",""
"4.1.3 Cumulative Total Tests Conducted","Tests reported to Public Health","116563","116563","2020-04-04 00:00:00","2020-06-22 00:00:00","","","","","","","","","","","","",""
"4.1.3 Cumulative Total Tests Conducted","Tests reported to Public Health","129693","129693","2020-04-05 00:00:00","2020-06-23 00:00:00","","","","","","","","","","","","",""
"4.1.3 Cumulative Total Tests Conducted","Tests reported to Public Health","143172","143172","2020-04-06 00:00:00","2020-06-24 00:00:00","","","","","","","","","","","","",""
"4.1.3 Cumulative Total Tests Conducted","Tests reported to Public Health","154733","154733","2020-04-07 00:00:00","2020-06-25 00:00:00","","","","","","","","","","","","",""
"4.1.3 Cumulative Total Tests Conducted","Tests reported to Public Health","163704","163704","2020-04-08 00:00:00","2020-06-26 00:00:00","","","","","","","","","","","","",""
"4.1.3 Cumulative Total Tests Conducted","Tests reported to Public Health","172076","172076","2020-04-09 00:00:00","2020-06-27 00:00:00","","","","","","","","","","","","",""
"4.1.3 Cumulative Total Tests Conducted","Tests reported to Public Health","182986","182986","2020-04-10 00:00:00","2020-06-28 00:00:00","","","","","","","","","","","","",""
"4.1.3 Cumulative Total Tests Conducted","Tests reported to Public Health","190238","190238","2020-04-11 00:00:00","2020-06-29 00:00:00","","","","","","","","","","","","",""
"4.1.3 Cumulative Total Tests Conducted","Tests reported to Public Health","199667","199667","2020-04-12 00:00:00","2020-06-30 00:00:00","","","","","","","","","","","","",""
"4.1.3 Cumulative Total Tests Conducted","Tests reported to Public Health","202208","202208","2020-04-13 00:00:00","2020-07-01 00:00:00","","","","","","","","","","","","",""
"4.1.3 Cumulative Total Tests Conducted","Tests reported to Public Health","214387","214387","2020-04-14 00:00:00","2020-07-02 00:00:00","","","","","","","","","","","","",""
"4.1.3 Cumulative Total Tests Conducted","Tests reported to Public Health","239181","239181","2020-04-15 00:00:00","2020-07-03 00:00:00","","","","","","","","","","","","",""
"4.1.3 Cumulative Total Tests Conducted","Tests reported to Public Health","251614","251614","2020-04-16 00:00:00","2020-07-04 00:00:00","","","","","","","","","","","","",""
"4.1.3 Cumulative Total Tests Conducted","Tests reported to Public Health","259666","259666","2020-04-17 00:00:00","2020-07-05 00:00:00","","","","","","","","","","","","",""
"4.1.3 Cumulative Total Tests Conducted","Tests reported to Public Health","273721","273721","2020-04-18 00:00:00","2020-07-06 00:00:00","","","","","","","","","","","","",""
"4.1.3 Cumulative Total Tests Conducted","Tests reported to Public Health","283317","283317","2020-04-19 00:00:00","2020-07-07 00:00:00","","","","","","","","","","","","",""
"4.1.3 Cumulative Total Tests Conducted","Tests reported to Public Health","292906","292906","2020-04-20 00:00:00","2020-07-08 00:00:00","","","","","","","","","","","","",""
"4.1.3 Cumulative Total Tests Conducted","Tests reported to Public Health","301547","301547","2020-04-21 00:00:00","2020-07-09 00:00:00","","","","","","","","","","","","",""
"4.1.3 Cumulative Total Tests Conducted","Tests reported to Public Health","482097","482097","2020-04-22 00:00:00","2020-07-10 00:00:00","","","","","","","","","","","","",""
"4.1.3 Cumulative Total Tests Conducted","Tests reported to Public Health","494173","494173","2020-04-23 00:00:00","2020-07-11 00:00:00","","","","","","","","","","","","",""
"4.1.3 Cumulative Total Tests Conducted","Tests reported to Public Health","506035","506035","2020-04-24 00:00:00","2020-07-12 00:00:00","","","","","","","","","","","","",""
"4.1.3 Cumulative Total Tests Conducted","Tests reported to Public Health","526084","526084","2020-04-25 00:00:00","2020-07-13 00:00:00","","","","","","","","","","","","",""
"4.1.3 Cumulative Total Tests Conducted","Tests reported to Public Health","553409","553409","2020-04-26 00:00:00","2020-07-14 00:00:00","","","","","","","","","","","","",""
"4.1.3 Cumulative Total Tests Conducted","Tests reported to Public Health","577608","577608","2020-04-27 00:00:00","2020-07-15 00:00:00","","","","","","","","","","","","",""
"4.1.3 Cumulative Total Tests Conducted","Tests reported to Public Health","603139","603139","2020-04-28 00:00:00","2020-07-16 00:00:00","","","","","","","","","","","","",""
"4.1.3 Cumulative Total Tests Conducted","Tests reported to Public Health","625337","625337","2020-04-29 00:00:00","2020-07-17 00:00:00","","","","","","","","","","","","",""
"4.1.3 Cumulative Total Tests Conducted","Tests reported to Public Health","654985","654985","2020-04-30 00:00:00","2020-07-18 00:00:00","","","","","","","","","","","","",""
"4.1.3 Cumulative Total Tests Conducted","Tests reported to Public Health","685048","685048","2020-05-01 00:00:00","2020-07-19 00:00:00","","","","","","","","","","","","",""
"4.1.3 Cumulative Total Tests Conducted","Tests reported to Public Health","715751","715751","2020-05-02 00:00:00","2020-07-20 00:00:00","","","","","","","","","","","","",""
"4.1.3 Cumulative Total Tests Conducted","Tests reported to Public Health","747874","747874","2020-05-03 00:00:00","2020-07-21 00:00:00","","","","","","","","","","","","",""
"4.1.3 Cumulative Total Tests Conducted","Tests reported to Public Health","779902","779902","2020-05-04 00:00:00","2020-07-22 00:00:00","","","","","","","","","","","","",""
"4.1.3 Cumulative Total Tests Conducted","Tests reported to Public Health","809036","809036","2020-05-05 00:00:00","2020-07-23 00:00:00","","","","","","","","","","","","",""
"4.1.3 Cumulative Total Tests Conducted","Tests reported to Public Health","842874","842874","2020-05-06 00:00:00","2020-07-24 00:00:00","","","","","","","","","","","","",""
"4.1.3 Cumulative Total Tests Conducted","Tests reported to Public Health","875272","875272","2020-05-07 00:00:00","2020-07-25 00:00:00","","","","","","","","","","","","",""
"4.1.3 Cumulative Total Tests Conducted","Tests reported to Public Health","912570","912570","2020-05-08 00:00:00","2020-07-26 00:00:00","","","","","","","","","","","","",""
"4.1.3 Cumulative Total Tests Conducted","Tests reported to Public Health","955664","955664","2020-05-09 00:00:00","2020-07-27 00:00:00","","","","","","","","","","","","",""
"4.1.3 Cumulative Total Tests Conducted","Tests reported to Public Health","991897","991897","2020-05-10 00:00:00","2020-07-28 00:00:00","","","","","","","","","","","","",""
"4.1.3 Cumulative Total Tests Conducted","Tests reported to Public Health","1033370","1033370","2020-05-11 00:00:00","2020-07-29 00:00:00","","","","","","","","","","","","",""
"4.1.3 Cumulative Total Tests Conducted","Tests reported to Public Health","1065592","1065592","2020-05-12 00:00:00","2020-07-30 00:00:00","","","","","","","","","","","","",""
"4.1.3 Cumulative Total Tests Conducted","Tests reported to Public Health","1104651","1104651","2020-05-13 00:00:00","2020-07-31 00:00:00","","","","","","","","","","","","",""
"4.1.3 Cumulative Total Tests Conducted","Tests reported to Public Health","1133906","1133906","2020-05-14 00:00:00","2020-08-01 00:00:00","","","","","","","","","","","","",""
"4.1.3 Cumulative Total Tests Conducted","Tests reported to Public Health","1179126","1179126","2020-05-15 00:00:00","2020-08-02 00:00:00","","","","","","","","","","","","",""
"4.1.3 Cumulative Total Tests Conducted","Tests reported to Public Health","1235243","1235243","2020-05-16 00:00:00","2020-08-03 00:00:00","","","","","","","","","","","","",""
"4.1.3 Cumulative Total Tests Conducted","Tests reported to Public Health","1292672","1292672","2020-05-17 00:00:00","2020-08-04 00:00:00","","","","","","","","","","","","",""
"4.1.3 Cumulative Total Tests Conducted","Tests reported to Public Health","1339316","1339316","2020-05-18 00:00:00","2020-08-05 00:00:00","","","","","","","","","","","","",""
"4.1.3 Cumulative Total Tests Conducted","Tests reported to Public Health","1380120","1380120","2020-05-19 00:00:00","2020-08-06 00:00:00","","","","","","","","","","","","",""
"4.1.3 Cumulative Total Tests Conducted","Tests reported to Public Health","1421128","1421128","2020-05-20 00:00:00","2020-08-07 00:00:00","","","","","","","","","","","","",""
"4.1.3 Cumulative Total Tests Conducted","Tests reported to Public Health","1466773","1466773","2020-05-21 00:00:00","2020-08-08 00:00:00","","","","","","","","","","","","",""
"4.1.3 Cumulative Total Tests Conducted","Tests reported to Public Health","1515306","1515306","2020-05-22 00:00:00","2020-08-09 00:00:00","","","","","","","","","","","","",""
"4.1.3 Cumulative Total Tests Conducted","Tests reported to Public Health","1582745","1582745","2020-05-23 00:00:00","2020-08-10 00:00:00","","","","","","","","","","","","",""
"4.1.3 Cumulative Total Tests Conducted","Tests reported to Public Health","1644102","1644102","2020-05-24 00:00:00","2020-08-11 00:00:00","","","","","","","","","","","","",""
"4.1.3 Cumulative Total Tests Conducted","Tests reported to Public Health","1696396","1696396","2020-05-25 00:00:00","2020-08-12 00:00:00","","","","","","","","","","","","",""
"4.1.3 Cumulative Total Tests Conducted","Tests reported to Public Health","1736894","1736894","2020-05-26 00:00:00","2020-08-13 00:00:00","","","","","","","","","","","","",""
"4.1.3 Cumulative Total Tests Conducted","Tests reported to Public Health","1790559","1790559","2020-05-27 00:00:00","2020-08-14 00:00:00","","","","","","","","","","","","",""
"4.1.3 Cumulative Total Tests Conducted","Tests reported to Public Health","1835478","1835478","2020-05-28 00:00:00","2020-08-15 00:00:00","","","","","","","","","","","","",""
"4.1.3 Cumulative Total Tests Conducted","Tests reported to Public Health","1888595","1888595","2020-05-29 00:00:00","2020-08-16 00:00:00","","","","","","","","","","","","",""
"4.1.3 Cumulative Total Tests Conducted","Tests reported to Public Health","1944848","1944848","2020-05-30 00:00:00","2020-08-17 00:00:00","","","","","","","","","","","","",""
"4.1.3 Cumulative Total Tests Conducted","Tests reported to Public Health","2012583","2012583","2020-05-31 00:00:00","2020-08-18 00:00:00","","","","","","","","","","","","",""
"4.1.3 Cumulative Total Tests Conducted","Tests reported to Public Health","2071591","2071591","2020-06-01 00:00:00","2020-08-19 00:00:00","","","","","","","","","","","","",""
"4.1.3 Cumulative Total Tests Conducted","Tests reported to Public Health","2131294","2131294","2020-06-02 00:00:00","2020-08-20 00:00:00","","","","","","","","","","","","",""
"4.1.3 Cumulative Total Tests Conducted","Tests reported to Public Health","2182671","2182671","2020-06-03 00:00:00","2020-08-21 00:00:00","","","","","","","","","","","","",""
"4.1.3 Cumulative Total Tests Conducted","Tests reported to Public Health","2238463","2238463","2020-06-04 00:00:00","2020-08-22 00:00:00","","","","","","","","","","","","",""
"4.1.3 Cumulative Total Tests Conducted","Tests reported to Public Health","2308300","2308300","2020-06-05 00:00:00","2020-08-23 00:00:00","","","","","","","","","","","","",""
"4.1.3 Cumulative Total Tests Conducted","Tests reported to Public Health","2362218","2362218","2020-06-06 00:00:00","2020-08-24 00:00:00","","","","","","","","","","","","",""
"4.1.3 Cumulative Total Tests Conducted","Tests reported to Public Health","2431190","2431190","2020-06-07 00:00:00","2020-08-25 00:00:00","","","","","","","","","","","","",""
"4.1.3 Cumulative Total Tests Conducted","Tests reported to Public Health","2486245","2486245","2020-06-08 00:00:00","2020-08-26 00:00:00","","","","","","","","","","","","",""
"4.1.3 Cumulative Total Tests Conducted","Tests reported to Public Health","2540798","2540798","2020-06-09 00:00:00","2020-08-27 00:00:00","","","","","","","","","","","","",""
"4.1.3 Cumulative Total Tests Conducted","Tests reported to Public Health","2597647","2597647","2020-06-10 00:00:00","2020-08-28 00:00:00","","","","","","","","","","","","",""
"4.1.3 Cumulative Total Tests Conducted","Tests reported to Public Health","2662258","2662258","2020-06-11 00:00:00","2020-08-29 00:00:00","","","","","","","","","","","","",""
"4.1.3 Cumulative Total Tests Conducted","Tests reported to Public Health","2724393","2724393","2020-06-12 00:00:00","2020-08-30 00:00:00","","","","","","","","","","","","",""
"4.1.3 Cumulative Total Tests Conducted","Tests reported to Public Health","2801996","2801996","2020-06-13 00:00:00","2020-08-31 00:00:00","","","","","","","","","","","","",""
"4.1.3 Cumulative Total Tests Conducted","Tests reported to Public Health","2868182","2868182","2020-06-14 00:00:00","","","","","","","","","","","","","",""
"4.1.3 Cumulative Total Tests Conducted","Tests reported to Public Health","2937755","2937755","2020-06-15 00:00:00","","","","","","","","","","","","","",""
"4.1.3 Cumulative Total Tests Conducted","Tests reported to Public Health","2997988","2997988","2020-06-16 00:00:00","","","","","","","","","","","","","",""
"4.1.3 Cumulative Total Tests Conducted","Tests reported to Public Health","3074530","3074530","2020-06-17 00:00:00","","","","","","","","","","","","","",""
"4.1.3 Cumulative Total Tests Conducted","Tests reported to Public Health","3155702","3155702","2020-06-18 00:00:00","","","","","","","","","","","","","",""
"4.1.3 Cumulative Total Tests Conducted","Tests reported to Public Health","3234412","3234412","2020-06-19 00:00:00","","","","","","","","","","","","","",""
"4.1.3 Cumulative Total Tests Conducted","Tests reported to Public Health","3319256","3319256","2020-06-20 00:00:00","","","","","","","","","","","","","",""
"4.1.3 Cumulative Total Tests Conducted","Tests reported to Public Health","3411686","3411686","2020-06-21 00:00:00","","","","","","","","","","","","","",""
"4.1.3 Cumulative Total Tests Conducted","Tests reported to Public Health","3496929","3496929","2020-06-22 00:00:00","","","","","","","","","","","","","",""
"4.1.3 Cumulative Total Tests Conducted","Tests reported to Public Health","3592899","3592899","2020-06-23 00:00:00","","","","","","","","","","","","","",""
"4.1.3 Cumulative Total Tests Conducted","Tests reported to Public Health","3694345","3694345","2020-06-24 00:00:00","","","","","","","","","","","","","",""
"4.1.3 Cumulative Total Tests Conducted","Tests reported to Public Health","3771314","3771314","2020-06-25 00:00:00","","","","","","","","","","","","","",""
"4.1.3 Cumulative Total Tests Conducted","Tests reported to Public Health","3862310","3862310","2020-06-26 00:00:00","","","","","","","","","","","","","",""
"4.1.3 Cumulative Total Tests Conducted","Tests reported to Public Health","3955952","3955952","2020-06-27 00:00:00","","","","","","","","","","","","","",""
"4.1.3 Cumulative Total Tests Conducted","Tests reported to Public Health","4061692","4061692","2020-06-28 00:00:00","","","","","","","","","","","","","",""
"4.1.3 Cumulative Total Tests Conducted","Tests reported to Public Health","4167139","4167139","2020-06-29 00:00:00","","","","","","","","","","","","","",""
"4.1.3 Cumulative Total Tests Conducted","Tests reported to Public Health","4254176","4254176","2020-06-30 00:00:00","","","","","","","","","","","","","",""
"4.1.3 Cumulative Total Tests Conducted","Tests reported to Public Health","4338718","4338718","2020-07-01 00:00:00","","","","","","","","","","","","","",""
"4.1.3 Cumulative Total Tests Conducted","Tests reported to Public Health","4448176","4448176","2020-07-02 00:00:00","","","","","","","","","","","","","",""
"4.1.3 Cumulative Total Tests Conducted","Tests reported to Public Health","4553031","4553031","2020-07-03 00:00:00","","","","","","","","","","","","","",""
"4.1.3 Cumulative Total Tests Conducted","Tests reported to Public Health","4680138","4680138","2020-07-04 00:00:00","","","","","","","","","","","","","",""
"4.1.3 Cumulative Total Tests Conducted","Tests reported to Public Health","4793353","4793353","2020-07-05 00:00:00","","","","","","","","","","","","","",""
"4.1.3 Cumulative Total Tests Conducted","Tests reported to Public Health","4896370","4896370","2020-07-06 00:00:00","","","","","","","","","","","","","",""
"4.1.3 Cumulative Total Tests Conducted","Tests reported to Public Health","4996175","4996175","2020-07-07 00:00:00","","","","","","","","","","","","","",""
"4.1.3 Cumulative Total Tests Conducted","Tests reported to Public Health","5078434","5078434","2020-07-08 00:00:00","","","","","","","","","","","","","",""
"4.1.3 Cumulative Total Tests Conducted","Tests reported to Public Health","5175737","5175737","2020-07-09 00:00:00","","","","","","","","","","","","","",""
"4.1.3 Cumulative Total Tests Conducted","Tests reported to Public Health","5275695","5275695","2020-07-10 00:00:00","","","","","","","","","","","","","",""
"4.1.3 Cumulative Total Tests Conducted","Tests reported to Public Health","5406599","5406599","2020-07-11 00:00:00","","","","","","","","","","","","","",""
"4.1.3 Cumulative Total Tests Conducted","Tests reported to Public Health","5544365","5544365","2020-07-12 00:00:00","","","","","","","","","","","","","",""
"4.1.3 Cumulative Total Tests Conducted","Tests reported to Public Health","5674955","5674955","2020-07-13 00:00:00","","","","","","","","","","","","","",""
"4.1.3 Cumulative Total Tests Conducted","Tests reported to Public Health","5793276","5793276","2020-07-14 00:00:00","","","","","","","","","","","","","",""
"4.1.3 Cumulative Total Tests Conducted","Tests reported to Public Health","5915508","5915508","2020-07-15 00:00:00","","","","","","","","","","","","","",""
"4.1.3 Cumulative Total Tests Conducted","Tests reported to Public Health","6044099","6044099","2020-07-16 00:00:00","","","","","","","","","","","","","",""
"4.1.3 Cumulative Total Tests Conducted","Tests reported to Public Health","6167218","6167218","2020-07-17 00:00:00","","","","","","","","","","","","","",""
"4.1.3 Cumulative Total Tests Conducted","Tests reported to Public Health","6286852","6286852","2020-07-18 00:00:00","","","","","","","","","","","","","",""
"4.1.3 Cumulative Total Tests Conducted","Tests reported to Public Health","6414538","6414538","2020-07-19 00:00:00","","","","","","","","","","","","","",""
"4.1.3 Cumulative Total Tests Conducted","Tests reported to Public Health","6537511","6537511","2020-07-20 00:00:00","","","","","","","","","","","","","",""
"4.1.3 Cumulative Total Tests Conducted","Tests reported to Public Health","6664998","6664998","2020-07-21 00:00:00","","","","","","","","","","","","","",""
"4.1.3 Cumulative Total Tests Conducted","Tests reported to Public Health","6778304","6778304","2020-07-22 00:00:00","","","","","","","","","","","","","",""
"4.1.3 Cumulative Total Tests Conducted","Tests reported to Public Health","6915876","6915876","2020-07-23 00:00:00","","","","","","","","","","","","","",""
"4.1.3 Cumulative Total Tests Conducted","Tests reported to Public Health","7047355","7047355","2020-07-24 00:00:00","","","","","","","","","","","","","",""
"4.1.3 Cumulative Total Tests Conducted","Tests reported to Public Health","7168139","7168139","2020-07-25 00:00:00","","","","","","","","","","","","","",""
"4.1.3 Cumulative Total Tests Conducted","Tests reported to Public Health","7296578","7296578","2020-07-26 00:00:00","","","","","","","","","","","","","",""
"4.1.3 Cumulative Total Tests Conducted","Tests reported to Public Health","7417866","7417866","2020-07-27 00:00:00","","","","","","","","","","","","","",""
"4.1.3 Cumulative Total Tests Conducted","Tests reported to Public Health","7517466","7517466","2020-07-28 00:00:00","","","","","","","","","","","","","",""
"4.1.3 Cumulative Total Tests Conducted","Tests reported to Public Health","7633840","7633840","2020-07-29 00:00:00","","","","","","","","","","","","","",""
"4.1.3 Cumulative Total Tests Conducted","Tests reported to Public Health","7811041","7811041","2020-07-30 00:00:00","","","","","","","","","","","","","",""
"4.1.3 Cumulative Total Tests Conducted","Tests reported to Public Health","7886587","7886587","2020-07-31 00:00:00","","","","","","","","","","","","","",""
"4.1.3 Cumulative Total Tests Conducted","Tests reported to Public Health","8035975","8035975","2020-08-01 00:00:00","","","","","","","","","","","","","",""
"4.1.3 Cumulative Total Tests Conducted","Tests reported to Public Health","8184696","8184696","2020-08-02 00:00:00","","","","","","","","","","","","","",""
"4.1.3 Cumulative Total Tests Conducted","Tests reported to Public Health","8305713","8305713","2020-08-03 00:00:00","","","","","","","","","","","","","",""
"4.1.3 Cumulative Total Tests Conducted","Tests reported to Public Health","8409400","8409400","2020-08-04 00:00:00","","","","","","","","","","","","","",""
"4.1.3 Cumulative Total Tests Conducted","Tests reported to Public Health","8500463","8500463","2020-08-05 00:00:00","","","","","","","","","","","","","",""
"4.1.3 Cumulative Total Tests Conducted","Tests reported to Public Health","8596882","8596882","2020-08-06 00:00:00","","","","","","","","","","","","","",""
"4.1.3 Cumulative Total Tests Conducted","Tests reported to Public Health","8707527","8707527","2020-08-07 00:00:00","","","","","","","","","","","","","",""
"4.1.3 Cumulative Total Tests Conducted","Tests reported to Public Health","8826119","8826119","2020-08-08 00:00:00","","","","","","","","","","","","","",""
"4.1.3 Cumulative Total Tests Conducted","Tests reported to Public Health","8998353","8998353","2020-08-09 00:00:00","","","","","","","","","","","","","",""
"4.1.3 Cumulative Total Tests Conducted","Tests reported to Public Health","9186279","9186279","2020-08-10 00:00:00","","","","","","","","","","","","","",""
"4.1.3 Cumulative Total Tests Conducted","Tests reported to Public Health","9303467","9303467","2020-08-11 00:00:00","","","","","","","","","","","","","",""
"4.1.3 Cumulative Total Tests Conducted","Tests reported to Public Health","9445493","9445493","2020-08-12 00:00:00","","","","","","","","","","","","","",""
"4.1.3 Cumulative Total Tests Conducted","Tests reported to Public Health","9556598","9556598","2020-08-13 00:00:00","","","","","","","","","","","","","",""
"4.1.3 Cumulative Total Tests Conducted","Tests reported to Public Health","9681111","9681111","2020-08-14 00:00:00","","","","","","","","","","","","","",""
"4.1.3 Cumulative Total Tests Conducted","Tests reported to Public Health","9798135","9798135","2020-08-15 00:00:00","","","","","","","","","","","","","",""
"4.1.3 Cumulative Total Tests Conducted","Tests reported to Public Health","9933780","9933780","2020-08-16 00:00:00","","","","","","","","","","","","","",""
"4.1.3 Cumulative Total Tests Conducted","Tests reported to Public Health","10049039","10049039","2020-08-17 00:00:00","","","","","","","","","","","","","",""
"4.1.3 Cumulative Total Tests Conducted","Tests reported to Public Health","10140683","10140683","2020-08-18 00:00:00","","","","","","","","","","","","","",""
"4.1.3 Cumulative Total Tests Conducted","Tests reported to Public Health","10227966","10227966","2020-08-19 00:00:00","","","","","","","","","","","","","",""
"4.1.3 Cumulative Total Tests Conducted","Tests reported to Public Health","10329372","10329372","2020-08-20 00:00:00","","","","","","","","","","","","","",""
"4.1.3 Cumulative Total Tests Conducted","Tests reported to Public Health","10436352","10436352","2020-08-21 00:00:00","","","","","","","","","","","","","",""
"4.1.3 Cumulative Total Tests Conducted","Tests reported to Public Health","10541031","10541031","2020-08-22 00:00:00","","","","","","","","","","","","","",""
"4.1.3 Cumulative Total Tests Conducted","Tests reported to Public Health","10652487","10652487","2020-08-23 00:00:00","","","","","","","","","","","","","",""
"4.1.3 Cumulative Total Tests Conducted","Tests reported to Public Health","10762506","10762506","2020-08-24 00:00:00","","2020-05-23","","","","","","","","","","","",""
"4.1.3 Cumulative Total Tests Conducted","Tests reported to Public Health","10832757","10832757","2020-08-25 00:00:00","","","","","","","","","","","","","",""
"4.1.3 Cumulative Total Tests Conducted","Tests reported to Public Health","10918415","10918415","2020-08-26 00:00:00","","","","","","","","","","","","","",""
"4.1.3 Cumulative Total Tests Conducted","Tests reported to Public Health","11010637","11010637","2020-08-27 00:00:00","","","","","","","","","","","","","",""
"4.1.3 Cumulative Total Tests Conducted","Tests reported to Public Health","11109630","11109630","2020-08-28 00:00:00","","","","","","","","","","","","","",""
"4.1.3 Cumulative Total Tests Conducted","Tests reported to Public Health","11231829","11231829","2020-08-29 00:00:00","","","","","","","","","","","","","",""
"4.1.3 Cumulative Total Tests Conducted","Tests reported to Public Health","11373305","11373305","2020-08-30 00:00:00","","","","","","","","","","","","","",""
"4.1.3 Cumulative Total Tests Conducted","Tests reported to Public Health","11470696","11470696","2020-08-31 00:00:00","","","","","","","","","","","","","",""
"Rolling Avg Deaths 7 day","2020-08-31","2020-05-23","true","108.714285714286","","","","","","","","","","","","","",""
"8.1.2 Deaths by Age","0-17","0-17","3","","","","DEATHS_PERCENT","0-17","0-17","9759","","","CA_PERCENT","","","","",""
"8.1.2 Deaths by Age","18-49","18-49","924","7.2","7.2","7.2","DEATHS_PERCENT","18-49","18-49","9293","7.2","7.2","CA_PERCENT","","","","",""
"8.1.2 Deaths by Age","50-64","50-64","2359","18.4","18.4","18.4","DEATHS_PERCENT","50-64","50-64","8124","18.4","18.4","CA_PERCENT","","","","",""
"8.1.2 Deaths by Age","65+","65+","9507","74.3","74.3","74.3","DEATHS_PERCENT","65+","65+","8065","74.3","74.3","CA_PERCENT","","","","",""
"8.1.2 Deaths by Age","Missing","Missing","2","","","","DEATHS_PERCENT","Missing","Missing","17807","","","CA_PERCENT","","","","",""
"2.1.1 Deaths","13018","","","","","","","","","","","","","","","","",""
"US Total Cases","5972356","","","","","","","","","","","","","","","","",""
"2.1.2 Deaths Chg","2020-08-31","2020-05-23","0.417651403617718","true","","","","","","","","","","","","","",""
"8.1.1 Cases by Ethnicity","American Indian or Alaska Native","AIAN","1162","0.002","0.002","0.002","0.002","American Indian or Alaska Native","Case %","Placer","0.002","0.002","Min. CA Pop Percentage","","","","",""
"8.1.1 Cases by Ethnicity","Asian","Asian","25585","0.054","0.054","0.054","0.054","Asian","Case %","San Luis Obispo","0.054","0.054","Min. CA Pop Percentage","","","","",""
"8.1.1 Cases by Ethnicity","Black","Black","20098","0.043","0.043","0.043","0.043","Black","Case %","Yolo","0.043","0.043","Min. CA Pop Percentage","","","","",""
"8.1.1 Cases by Ethnicity","Latino","Latino","282690","0.6","0.6","0.6","0.6","Latino","Case %","Butte","0.6","0.6","Min. CA Pop Percentage","","","","",""
"8.1.1 Cases by Ethnicity","Native Hawaiian and other Pacific Islander","NHPI ","2643","0.006","0.006","0.006","0.006","Native Hawaiian and other Pacific Islander","Case %","Santa Cruz","0.006","0.006","Min. CA Pop Percentage","","","","",""
"8.1.1 Cases by Ethnicity","White","White","79526","0.169","0.169","0.169","0.169","White","Case %","Napa","0.169","0.169","Min. CA Pop Percentage","","","","",""
"8.1.1 Cases by Ethnicity","Multi-Race","Multi-Race","4340","0.009","0.009","0.009","0.009","Multi-Race","Case %","Sutter","0.009","0.009","Min. CA Pop Percentage","","","","",""
"8.1.1 Cases by Ethnicity","Other","Other","55381","0.117","0.117","0.117","0.117","Other","Case %","Sacramento","0.117","0.117","Min. CA Pop Percentage","","","","",""
"4.1.2 Test Reported Chg 14 day","2020-09-01","true","0.0528467837178729","","","","","","","","","","","","","","",""
"2.1.2 Positive Cases Chg 7 Day","cases","2020-08-31","2020-05-23","842","true","","","","","","","","","","","","",""
"8.1.1 Deaths by Gender","Female","Female","5409","42.3","42.3","42.3","42.3","DEATHS_PERCENT","Female","Female","18148","42.3","42.3","CA_PERCENT","","","",""
"8.1.1 Deaths by Gender","Male","Male","7364","57.6","57.6","57.6","57.6","DEATHS_PERCENT","Male","Male","17999","57.6","57.6","CA_PERCENT","","","",""
"8.1.1 Deaths by Gender","Unknown","Unknown","22","0.2","0.2","0.2","0.2","DEATHS_PERCENT","Unknown","Unknown","17807","0.2","0.2","CA_PERCENT","","","",""
"8.1.1 Cases by Gender","Female","Female","50.5","50.5","50.5","357162","CASE_PERCENT","Female","Female","50.5","50.5","50.3","","","","","",""
"8.1.1 Cases by Gender","Male","Male","48.6","48.6","48.6","344006","CASE_PERCENT","Male","Male","48.6","48.6","49.7","","","","","",""
"8.1.1 Cases by Gender","Unknown","Unknown","0.9","0.9","0.9","6629","CASE_PERCENT","Unknown","Unknown","0.9","0.9","","","","","","",""
"County Name","CALIFORNIA","","","","","","","","","","","","","","","","",""
"Rolling Avg Cases 7 day","cases","2020-08-31","2020-05-23","true","4957.42857142857","","","","","","","","","","","","",""
"US Total Deaths","182622","","","","","","","","","","","","","","","","",""
"2.1.2 Deaths Chg 7 day","2020-08-31","2020-05-23","true","","","","","","","","","","","","","","",""
"Week over Week Cases","cases","2020-08-31","2020-05-23","-0.141634510735134","true","40428","34702","","","","","","","","","","",""
"8.1.1 Deaths by Ethnicity","American Indian or Alaska Native","AIAN","0.003","0.003","0.003","0.003","41","American Indian or Alaska Native","Death %","American Indian or Alaska Native","AIAN","0.003","0.003","0.005","41","American Indian or Alaska Native","CA Pop Percentage",""
"8.1.1 Deaths by Ethnicity","Asian","Asian","0.118","0.118","0.118","0.118","1488","Asian","Death %","Asian","Asian","0.118","0.118","0.154","1488","Asian","CA Pop Percentage",""
"8.1.1 Deaths by Ethnicity","Black","Black","0.078","0.078","0.078","0.078","979","Black","Death %","Black","Black","0.078","0.078","0.06","979","Black","CA Pop Percentage",""
"8.1.1 Deaths by Ethnicity","Latino","Latino","0.484","0.484","0.484","0.484","6110","Latino","Death %","Latino","Latino","0.484","0.484","0.389","6110","Latino","CA Pop Percentage",""
"8.1.1 Deaths by Ethnicity","Native Hawaiian and other Pacific Islander","NHPI ","0.004","0.004","0.004","0.004","55","Native Hawaiian and other Pacific Islander","Death %","Native Hawaiian and other Pacific Islander","NHPI ","0.004","0.004","0.003","55","Native Hawaiian and other Pacific Islander","CA Pop Percentage",""
"8.1.1 Deaths by Ethnicity","White","White","0.295","0.295","0.295","0.295","3716","White","Death %","White","White","0.295","0.295","0.366","3716","White","CA Pop Percentage",""
"8.1.1 Deaths by Ethnicity","Multi-Race","Multi-Race","0.006","0.006","0.006","0.006","77","Multi-Race","Death %","Multi-Race","Multi-Race","0.006","0.006","0.022","77","Multi-Race","CA Pop Percentage",""
"8.1.1 Deaths by Ethnicity","Other","Other","0.011","0.011","0.011","0.011","145","Other","Death %","Other","Other","0.011","0.011","","145","Other","CA Pop Percentage",""
"2.1.2 Deaths Chg 14 day","2020-08-31","2020-05-23","true","","","","","","","","","","","","","","",""
"2.1.2 Positive Cases Chg 14 day","cases","2020-08-31","2020-05-23","471","true","","","","","","","","","","","","",""
"4.1.2 Test Reported Chg","2020-09-01","true","0.0381144048218008","","","","","","","","","","","","","","",""
"2.1.2 Positive Cases Chg","cases","2020-08-31","2020-05-23","40129160","222","471","18.7220465118134","true","","","","","","","","","",""
"Rolling Avg Deaths 14 day","2020-08-31","2020-05-23","true","119.714285714286","","","","","","","","","","","","","",""
"1.1 County Stats Bars","Los Angeles","Los Angeles","Positive Cases","Cases","Positive Cases","241793","241793","241793","241793","","","","","","","","",""
"1.1 County Stats Bars","Riverside","Riverside","Positive Cases","Cases","Positive Cases","52508","52508","52508","52508","","","","","","","","",""
"1.1 County Stats Bars","Orange","Orange","Positive Cases","Cases","Positive Cases","47392","47392","47392","47392","","","","","","","","",""
"1.1 County Stats Bars","San Bernardino","San Bernardino","Positive Cases","Cases","Positive Cases","47370","47370","47370","47370","","","","","","","","",""
"1.1 County Stats Bars","San Diego","San Diego","Positive Cases","Cases","Positive Cases","38606","38606","38606","38606","","","","","","","","",""
"1.1 County Stats Bars","Kern","Kern","Positive Cases","Cases","Positive Cases","29067","29067","29067","29067","","","","","","","","",""
"1.1 County Stats Bars","Fresno","Fresno","Positive Cases","Cases","Positive Cases","25185","25185","25185","25185","","","","","","","","",""
"1.1 County Stats Bars","Alameda","Alameda","Positive Cases","Cases","Positive Cases","18148","18148","18148","18148","","","","","","","","",""
"1.1 County Stats Bars","Sacramento","Sacramento","Positive Cases","Cases","Positive Cases","17999","17999","17999","17999","","","","","","","","",""
"1.1 County Stats Bars","San Joaquin","San Joaquin","Positive Cases","Cases","Positive Cases","17807","17807","17807","17807","","","","","","","","",""
"1.1 County Stats Bars","Santa Clara","Santa Clara","Positive Cases","Cases","Positive Cases","17211","17211","17211","17211","","","","","","","","",""
"1.1 County Stats Bars","Stanislaus","Stanislaus","Positive Cases","Cases","Positive Cases","14685","14685","14685","14685","","","","","","","","",""
"1.1 County Stats Bars","Tulare","Tulare","Positive Cases","Cases","Positive Cases","13985","13985","13985","13985","","","","","","","","",""
"1.1 County Stats Bars","Contra Costa","Contra Costa","Positive Cases","Cases","Positive Cases","13902","13902","13902","13902","","","","","","","","",""
"1.1 County Stats Bars","Ventura","Ventura","Positive Cases","Cases","Positive Cases","10866","10866","10866","10866","","","","","","","","",""
"1.1 County Stats Bars","Imperial","Imperial","Positive Cases","Cases","Positive Cases","9759","9759","9759","9759","","","","","","","","",""
"1.1 County Stats Bars","San Francisco","San Francisco","Positive Cases","Cases","Positive Cases","9293","9293","9293","9293","","","","","","","","",""
"1.1 County Stats Bars","Santa Barbara","Santa Barbara","Positive Cases","Cases","Positive Cases","8124","8124","8124","8124","","","","","","","","",""
"1.1 County Stats Bars","San Mateo","San Mateo","Positive Cases","Cases","Positive Cases","8065","8065","8065","8065","","","","","","","","",""
"1.1 County Stats Bars","Merced","Merced","Positive Cases","Cases","Positive Cases","7991","7991","7991","7991","","","","","","","","",""
"1.1 County Stats Bars","Monterey","Monterey","Positive Cases","Cases","Positive Cases","7839","7839","7839","7839","","","","","","","","",""
"1.1 County Stats Bars","Marin","Marin","Positive Cases","Cases","Positive Cases","6074","6074","6074","6074","","","","","","","","",""
"1.1 County Stats Bars","Kings","Kings","Positive Cases","Cases","Positive Cases","6037","6037","6037","6037","","","","","","","","",""
"1.1 County Stats Bars","Sonoma","Sonoma","Positive Cases","Cases","Positive Cases","5650","5650","5650","5650","","","","","","","","",""
"1.1 County Stats Bars","Solano","Solano","Positive Cases","Cases","Positive Cases","5302","5302","5302","5302","","","","","","","","",""
"1.1 County Stats Bars","Madera","Madera","Positive Cases","Cases","Positive Cases","3662","3662","3662","3662","","","","","","","","",""
"1.1 County Stats Bars","Placer","Placer","Positive Cases","Cases","Positive Cases","2989","2989","2989","2989","","","","","","","","",""
"1.1 County Stats Bars","San Luis Obispo","San Luis Obispo","Positive Cases","Cases","Positive Cases","2951","2951","2951","2951","","","","","","","","",""
"1.1 County Stats Bars","Yolo","Yolo","Positive Cases","Cases","Positive Cases","2423","2423","2423","2423","","","","","","","","",""
"1.1 County Stats Bars","Butte","Butte","Positive Cases","Cases","Positive Cases","2069","2069","2069","2069","","","","","","","","",""
"1.1 County Stats Bars","Santa Cruz","Santa Cruz","Positive Cases","Cases","Positive Cases","1742","1742","1742","1742","","","","","","","","",""
"1.1 County Stats Bars","Napa","Napa","Positive Cases","Cases","Positive Cases","1434","1434","1434","1434","","","","","","","","",""
"1.1 County Stats Bars","Sutter","Sutter","Positive Cases","Cases","Positive Cases","1365","1365","1365","1365","","","","","","","","",""
"1.1 County Stats Bars","San Benito","San Benito","Positive Cases","Cases","Positive Cases","1080","1080","1080","1080","","","","","","","","",""
"1.1 County Stats Bars","El Dorado","El Dorado","Positive Cases","Cases","Positive Cases","965","965","965","965","","","","","","","","",""
"1.1 County Stats Bars","Yuba","Yuba","Positive Cases","Cases","Positive Cases","830","830","830","830","","","","","","","","",""
"1.1 County Stats Bars","Lassen","Lassen","Positive Cases","Cases","Positive Cases","706","706","706","706","","","","","","","","",""
"1.1 County Stats Bars","Mendocino","Mendocino","Positive Cases","Cases","Positive Cases","618","618","618","618","","","","","","","","",""
"1.1 County Stats Bars","Shasta","Shasta","Positive Cases","Cases","Positive Cases","528","528","528","528","","","","","","","","",""
"1.1 County Stats Bars","Nevada","Nevada","Positive Cases","Cases","Positive Cases","447","447","447","447","","","","","","","","",""
"1.1 County Stats Bars","Colusa","Colusa","Positive Cases","Cases","Positive Cases","443","443","443","443","","","","","","","","",""
"1.1 County Stats Bars","Glenn","Glenn","Positive Cases","Cases","Positive Cases","437","437","437","437","","","","","","","","",""
"1.1 County Stats Bars","Tehama","Tehama","Positive Cases","Cases","Positive Cases","421","421","421","421","","","","","","","","",""
"1.1 County Stats Bars","Humboldt","Humboldt","Positive Cases","Cases","Positive Cases","374","374","374","374","","","","","","","","",""
"1.1 County Stats Bars","Lake","Lake","Positive Cases","Cases","Positive Cases","341","341","341","341","","","","","","","","",""
"1.1 County Stats Bars","Amador","Amador","Positive Cases","Cases","Positive Cases","243","243","243","243","","","","","","","","",""
"1.1 County Stats Bars","Calaveras","Calaveras","Positive Cases","Cases","Positive Cases","212","212","212","212","","","","","","","","",""
"1.1 County Stats Bars","Tuolumne","Tuolumne","Positive Cases","Cases","Positive Cases","178","178","178","178","","","","","","","","",""
"1.1 County Stats Bars","Inyo","Inyo","Positive Cases","Cases","Positive Cases","160","160","160","160","","","","","","","","",""
"1.1 County Stats Bars","Mono","Mono","Positive Cases","Cases","Positive Cases","145","145","145","145","","","","","","","","",""
"1.1 County Stats Bars","Siskiyou","Siskiyou","Positive Cases","Cases","Positive Cases","127","127","127","127","","","","","","","","",""
"1.1 County Stats Bars","Del Norte","Del Norte","Positive Cases","Cases","Positive Cases","108","108","108","108","","","","","","","","",""
"1.1 County Stats Bars","Mariposa","Mariposa","Positive Cases","Cases","Positive Cases","69","69","69","69","","","","","","","","",""
"1.1 County Stats Bars","Plumas","Plumas","Positive Cases","Cases","Positive Cases","39","39","39","39","","","","","","","","",""
"1.1 County Stats Bars","Trinity","Trinity","Positive Cases","Cases","Positive Cases","13","13","13","13","","","","","","","","",""
"1.1 County Stats Bars","Modoc","Modoc","Positive Cases","Cases","Positive Cases","10","10","10","10","","","","","","","","",""
"1.1 County Stats Bars","Sierra","Sierra","Positive Cases","Cases","Positive Cases","6","6","6","6","","","","","","","","",""
"1.1 County Stats Bars","Alpine","Alpine","Positive Cases","Cases","Positive Cases","2","2","2","2","","","","","","","","",""
"1.1 County Stats Bars","Unassigned","Unassigned","Positive Cases","Cases","Positive Cases","2","2","2","2","","","","","","","","",""
"1.1 County Stats Bars","Out Of Country","Out Of Country","Positive Cases","Cases","Positive Cases","","","","","","","","","","","","",""
"Disclaimer","52508","","","","","","","","","","","","","","","","",""
